Workbook

Sheet Feature breakdown
A1: Feature breakdown — TrainLoop
A2: Tým 5 · aktualizace 16. 10. 2026 podle hodnocení Sprintu 1: sjednocená granularita. Feature = jedna schopnost produktu, kterou uživatel pozná. Drobné části jsou user stories v GitHubu (sloupec User stories). Sloupec „Dříve“ převádí ID do 9. 10. „Odsouhlaseno“ = rozhodl upravený plán nebo PO (FB1, FB2, zadání sprintu 2 a standup 15. 10.), „Navrženo“ = k projednání. „Otázka N“ odkazuje na otazky-na-po.md.
A4: ID | B4: Epic | C4: Feature | D4: Popis (co, pro koho a proč) | E4: Role | F4: Priorita | G4: Zdroj | H4: Otevřené otázky | I4: Stav | J4: User stories | K4: Dříve (ID do 9. 10.)
A5: F-01 | B5: Účet | C5: Registrace, přihlášení a obnova hesla | D5: Psovod i trenér si založí účet e-mailem a heslem (trenér volbou „Jsem trenér“), přihlásí se a zapomenuté heslo obnoví přes e-mail. Psovod se může registrovat i bez pozvánky a vést si deník psa sám. | E5: Psovod, trenér | F5: MVP | G5: Klient | H5: Rozhodnuto (FB2): psovod se registruje i bez pozvánky. | I5: Odsouhlaseno | J5: #49, #50, #51, #52 | K5: F-01, F-02
A6: F-02 | B6: Účet | C6: Úvodní stránka | D6: Veřejná stránka, kde návštěvník pochopí, co aplikace dá trenérovi a psovodovi, a proklikne se na registraci, přihlášení nebo pozvánku od trenéra. | E6: Návštěvník | F6: MVP | G6: Klient | I6: Odsouhlaseno | J6: #102 | K6: nová (PO 14. 10.)
A7: F-03 | B7: Účet | C7: Profil trenéra | D7: Krátké představení trenéra (disciplíny, kontakt), aby psovod věděl, s kým spolupracuje. | E7: Trenér | F7: Nice to have | G7: Předpoklad týmu | I7: Navrženo | J7: #92 | K7: F-03
A8: F-04 | B8: Pes a disciplíny | C8: Pes a jeho disciplíny | D8: Psovod založí jednoho i více psů (jméno, plemeno, fotka, barva v kalendáři), přiřadí jim disciplíny z nabídky nebo vlastní, údaje upraví a disciplínu, kterou pes už netrénuje, ukončí. Pes je středem aplikace. | E8: Psovod | F8: MVP | G8: Klient | H8: Rozhodnuto (UP): více psů na účtu psovoda. | I8: Odsouhlaseno | J8: #53, #54, #55, #56, #57 | K8: F-04, F-05, F-06, F-07
A9: F-05 | B9: Pes a disciplíny | C9: Deník psa: poznámky z lekce a semináře | D9: Psovod si k psovi zapíše poznámky z lekce nebo semináře (deník psa), aby doma věděl, co trenér říkal, i když zadání nedostal v aplikaci. Respondentka jako klientka: po semináři „co sis zaznamenala, to máš“. | E9: Psovod | F9: MVP | G9: Rozhovor | H9: Vidí poznámky trenér? Návrh týmu: ne (otázka 12). | I9: Odsouhlaseno | J9: #70 | K9: F-47
A10: F-06 | B10: Pes a disciplíny | C10: Vlastní psi trenéra | D10: Trenér vede v aplikaci i své psy místo papírového deníku (respondentka má 3 psy a deník na každého psa a sport). | E10: Trenér | F10: Nice to have | G10: Rozhovor | H10: Chce to trenér? (otázka 6) | I10: Navrženo | J10: #93 | K10: F-45
A11: F-07 | B11: Sdílení s trenérem | C11: Propojení trenéra s klientem | D11: Trenér klientovi vygeneruje kód (třeba na lekci) nebo pošle pozvánku e-mailem. Klient kód zadá, vybere psy, které s trenérem sdílí, a propojí se. Spolupráci jde ukončit, trenér pak psa přestane vidět. | E11: Trenér, psovod | F11: MVP | G11: Klient | H11: Kód platí 7 dní (návrh týmu). | I11: Odsouhlaseno | J11: #58, #59, #60, #61 | K11: F-08, F-09, F-10
A12: F-08 | B12: Sdílení s trenérem | C12: Psovod pozve trenéra | D12: Obrácený směr: psovod, který už trenéra má, ho pozve do aplikace. | E12: Psovod | F12: Mimo rozsah | G12: Klient | H12: Rozhodnuto (FB2): zve vždycky trenér. | I12: Odsouhlaseno | K12: F-11
A13: F-09 | B13: Plán tréninku | C13: Cíl s cviky a sekvencemi | D13: Trenér pro psa klienta nebo psovod pro svého psa založí cíl v disciplíně s principem (čeho docílit a na co si dát pozor). Pod cíl skládá cviky s instrukcí a kritériem zvládnutí a sekvence cviků, upravuje je, maže a mění jejich pořadí. Dlouhodobý cíl i drobný trik se zakládají stejně. | E13: Trenér, psovod | F13: MVP | G13: Klient | H13: Rozhodnuto (PO, FB1): plán unese dlouhodobé cíle i drobné triky. | I13: Odsouhlaseno | J13: #62, #63, #64, #65 | K13: F-12, F-13
A14: F-10 | B14: Plán tréninku | C14: Postup plánem | D14: Je vidět, na kterém cviku pes je. Když nejde („tunel“, opakuje stejnou chybu), vrátí se o krok nebo se krok rozdělí na dílčí kroky. Když to umí, cvik přeskočí. | E14: Trenér, psovod | F14: MVP | G14: Klient | H14: Podoba větvení (otázka 1). | I14: Odsouhlaseno | J14: #66, #67 | K14: F-14, F-15
A15: F-11 | B15: Plán tréninku | C15: Úpravy a archiv plánu | D15: Psovod i trenér plán upraví, trenér hlavně po reakci na odeslaný záznam. Dokončený nebo opuštěný cíl zmizí z aktivních, ale zůstane v historii. | E15: Trenér, psovod | F15: MVP | G15: Klient | H15: Rozhodnuto (UP): plán upravují psovod i trenér. | I15: Odsouhlaseno | J15: #68, #69 | K15: F-16, F-17
A16: F-12 | B16: Plán tréninku | C16: Kopie plánu / šablona trenéra | D16: Trenér zkopíruje osvědčený plán k dalšímu psovi. | E16: Trenér | F16: Nice to have | G16: Předpoklad týmu | H16: Dávají trenéři podobné plány více klientům? (otázka 7) | I16: Navrženo | J16: #94 | K16: F-18
A17: F-13 | B17: Týdenní rozvrh | C17: Týden s tréninky | D17: Psovod vidí tréninky všech psů po dnech, barevně podle psa, a přepíná týdny. Trenér trénink přiřadí ke konkrétnímu dni. Rozvrh po týdnech a dnech jako v aplikaci Runna. | E17: Psovod, trenér | F17: MVP | G17: Klient | H17: Rozhodnuto (standup 15. 10.): konkrétní den, ne frekvence. | I17: Odsouhlaseno | J17: #71, #72, #73 | K17: F-19, F-20, F-22
A18: F-14 | B18: Týdenní rozvrh | C18: Přesunout, nebo přeskočit trénink | D18: Když trénink v daný den neproběhne, psovod ho jedním krokem přesune na jiný den či týden, nebo ho přeskočí, aby nevznikala lavina nedodělků (vzor Runna). | E18: Psovod | F18: MVP | G18: Klient | H18: Co se stane s přeskočeným tréninkem? (otázka 4) | I18: Odsouhlaseno | J18: #74, #75 | K18: F-21
A19: F-15 | B19: Týdenní rozvrh | C19: Duplikace tréninku | D19: Trenér zkopíruje naplánovaný trénink na další den, když ho má klient dělat víckrát v týdnu. | E19: Trenér | F19: Nice to have | G19: Klient | H19: PO: do budoucna, teď ne (standup 15. 10.). | I19: Navrženo | J19: #103 | K19: nová (standup 15. 10.)
A20: F-16 | B20: Týdenní rozvrh | C20: Zanedbané disciplíny | D20: Upozornění, že některá disciplína tento týden nemá trénink. Neodcvičené tréninky řeší F-21. | E20: Psovod | F20: Nice to have | G20: Rozhovor | H20: Více disciplín trenérce práci navíc nedělá (H1 oslabena). | I20: Navrženo | J20: #95 | K20: F-23
A21: F-17 | B21: Záznam tréninku | C21: Trénink a záznam | D21: Psovod otevře dnešní trénink, prochází cviky s instrukcí a kritériem (šipkami) a na konci zapíše hodnocení, poznámku a odkaz na video. Trenér záznam vidí u psa. | E21: Psovod | F21: MVP | G21: Klient | H21: Podoba hodnocení (otázka 3), usnadnění odkazu na video (otázka 11). | I21: Odsouhlaseno | J21: #76, #77, #78 | K21: F-43, F-24, F-25
A22: F-18 | B22: Záznam tréninku | C22: Aktivity psa | D22: Na detailu psa jsou „Aktivity“: odcvičené tréninky po dnech s videi a odpověďmi trenéra. Hodnota hlavně pro psovoda, který se k videím a zpětné vazbě vrací (trenérka ne). | E22: Psovod, trenér | F22: MVP | G22: Klient | I22: Odsouhlaseno | J22: #79 | K22: F-26
A23: F-19 | B23: Záznam tréninku | C23: Kontext k záznamu | D23: Psovod u záznamu volitelně vyplní okolnosti (jak pes spal, prostředí, jestli se chyba opakuje), na které se trenérka jinak doptává. | E23: Psovod | F23: Nice to have | G23: Rozhovor | I23: Navrženo | J23: #96 | K23: F-44
A24: F-20 | B24: Záznam tréninku | C24: Statistiky, videa na serveru a integrace | D24: Graf vývoje úspěšnosti, nahrávání videí na vlastní server a napojení na Stravu. Úspěch se v praxi číslem neměří (H5 podpořena) a vlastní úložiště videí je drahé. | E24: Psovod, trenér | F24: Mimo rozsah | G24: Rozhovor | I24: Odsouhlaseno | K24: F-27, F-28, F-29
A25: F-21 | B25: Zpětná vazba | C25: Vlákno u tréninku | D25: Psovod pošle s tréninkem komentář, trenér mu odpoví ve vlákně pod konkrétním tréninkem a reaguje na video. Vlákno unese dialog i doptávání (jak pes spal, jestli se chyba opakuje). Nahrazuje WhatsApp. | E25: Psovod, trenér | F25: MVP | G25: Klient | I25: Odsouhlaseno | J25: #80 | K25: F-30
A26: F-22 | B26: Zpětná vazba | C26: Přehled klientů pro trenéra | D26: Trenér vidí jen své klienty a jejich psy, plány a záznamy. Fronta „čeká na reakci“ mu ukáže dotazy a záznamy, na které ještě neodpověděl. Je to pomocník, ne kontrola plnění. | E26: Trenér | F26: MVP | G26: Klient | H26: Potvrzeno (PO, FB1): přehled svěřenců odpovídá potřebě. | I26: Odsouhlaseno | J26: #81, #82, #83 | K26: F-31, F-32
A27: F-23 | B27: Zpětná vazba | C27: Štítek „nová odpověď“ | D27: Psovod v Týdnu a u tréninku vidí, že mu trenér odpověděl; trenér vidí nové záznamy. Bez toho psovod odpověď nenajde. | E27: Psovod, trenér | F27: MVP | G27: Rozhovor | I27: Navrženo | J27: #84 | K27: F-33
A28: F-24 | B28: Zpětná vazba | C28: E-mailová upozornění | D28: Psovod nebo trenér dostane e-mail o nové odpovědi, záznamu nebo změně plánu. | E28: Psovod, trenér | F28: Nice to have | G28: Předpoklad týmu | H28: Stačí upozornění v aplikaci? (otázka 5) | I28: Navrženo | J28: #97 | K28: F-46
A29: F-25 | B29: Tržiště a platby | C29: Tržiště plánů | D29: Veřejné tržiště plánů z původního briefu. | E29: Psovod, trenér | F29: Mimo rozsah | G29: Klient | I29: Odsouhlaseno | K29: F-34
A30: F-26 | B30: Tržiště a platby | C30: Předplatné a platby | D30: Trenér platí za aktivního klienta: 3 zdarma, pak 49 Kč měsíčně za každého dalšího, strop 1 490 Kč měsíčně. Psovod 0 Kč. Tento semestr platby nestavíme. | E30: Trenér | F30: Mimo rozsah | G30: Klient | H30: Ceník je návrh týmu, viz lean-canvas.md (otázka 8). | I30: Odsouhlaseno | K30: F-35
A31: F-27 | B31: Technický základ | C31: Staging, CI/CD a zálohy | D31: Každá změna projde CI a po merge do main se nasadí na staging, kde ji PO uvidí dřív než uživatelé. Databáze se pravidelně zálohuje, aby historie tréninků nezmizela. | E31: Tým | F31: MVP | G31: Tým | I31: Navrženo | J31: #86, #90 | K31: F-36, F-41
A32: F-28 | B32: Technický základ | C32: Monitoring a logy | D32: O chybě se dozvíme dřív než uživatel. | E32: Tým | F32: Nice to have | G32: Tým | I32: Navrženo | J32: #98 | K32: F-42
A33: F-29 | B33: Technický základ | C33: Oprávnění a osobní údaje | D33: Psovod vidí jen své psy a záznamy, trenér jen psy, které s ním klient sdílí. Souhlas se zpracováním osobních údajů a smazání účtu včetně dat. | E33: Psovod, trenér | F33: MVP | G33: Klient | I33: Odsouhlaseno | J33: #85, #88 | K33: F-38, F-39
A34: F-30 | B34: Technický základ | C34: Automatické testy | D34: Hlavní obrana proti chybám od agenta, hlavně v logice nelineárního plánu. | E34: Tým | F34: MVP | G34: Tým | I34: Navrženo | J34: #87 | K34: F-37
A35: F-31 | B35: Technický základ | C35: Odesílání e-mailů | D35: Aplikace posílá pozvánky klientům a obnovu hesla. Podle standupu 15. 10. mají e-maily fungovat už ve sprintu 2. | E35: Tým | F35: MVP | G35: Klient | H35: Jakou službu použít? Počítáme s bezplatným tarifem. | I35: Odsouhlaseno | J35: #91 | K35: F-48
A36: F-32 | B36: Technický základ | C36: Použitelnost na mobilu | D36: Psovod zapisuje venku po tréninku, aplikace musí fungovat na telefonu. | E36: Psovod, trenér | F36: MVP | G36: Klient | H36: Rozhodnuto: responzivní webová aplikace. | I36: Odsouhlaseno | J36: #89 | K36: F-40

Sheet Epicy
A1: Epicy
A2: Epic = shluk features kolem jedné oblasti. Název epicu musí přesně odpovídat sloupci Epic v listu Feature breakdown.
A4: Epic | B4: Účel (jedna věta) | C4: Features celkem | D4: Z toho MVP | E4: Label v GitHubu
A5: Účet | B5: Psovod i trenér se dostanou ke svým datům. | C5: =IF(A5="","",COUNTIF('Feature breakdown'!$B$5:$B$60,A5)) | D5: =IF(A5="","",COUNTIFS('Feature breakdown'!$B$5:$B$60,A5,'Feature breakdown'!$F$5:$F$60,"MVP")) | E5: epic: účet
A6: Pes a disciplíny | B6: Psovod založí psa a oblasti, ve kterých trénuje, a vede si deník psa. | C6: =IF(A6="","",COUNTIF('Feature breakdown'!$B$5:$B$60,A6)) | D6: =IF(A6="","",COUNTIFS('Feature breakdown'!$B$5:$B$60,A6,'Feature breakdown'!$F$5:$F$60,"MVP")) | E6: epic: pes
A7: Sdílení s trenérem | B7: Trenér pozve psovoda a propojí se s jeho psem. | C7: =IF(A7="","",COUNTIF('Feature breakdown'!$B$5:$B$60,A7)) | D7: =IF(A7="","",COUNTIFS('Feature breakdown'!$B$5:$B$60,A7,'Feature breakdown'!$F$5:$F$60,"MVP")) | E7: epic: sdílení
A8: Plán tréninku | B8: Psovod nebo trenér skládá plán z cviků a sekvencí, s návratem, přeskočením a větvením. | C8: =IF(A8="","",COUNTIF('Feature breakdown'!$B$5:$B$60,A8)) | D8: =IF(A8="","",COUNTIFS('Feature breakdown'!$B$5:$B$60,A8,'Feature breakdown'!$F$5:$F$60,"MVP")) | E8: epic: plán
A9: Týdenní rozvrh | B9: Kalendář s tréninky všech psů na celý týden. | C9: =IF(A9="","",COUNTIF('Feature breakdown'!$B$5:$B$60,A9)) | D9: =IF(A9="","",COUNTIFS('Feature breakdown'!$B$5:$B$60,A9,'Feature breakdown'!$F$5:$F$60,"MVP")) | E9: epic: týden
A10: Záznam tréninku | B10: Psovod projde trénink a zapíše, jak šel: hodnocení, poznámku a odkaz na video. | C10: =IF(A10="","",COUNTIF('Feature breakdown'!$B$5:$B$60,A10)) | D10: =IF(A10="","",COUNTIFS('Feature breakdown'!$B$5:$B$60,A10,'Feature breakdown'!$F$5:$F$60,"MVP")) | E10: epic: záznam
A11: Zpětná vazba | B11: Trenér odpovídá na dotazy a záznamy klientů ve vlákně u tréninku. | C11: =IF(A11="","",COUNTIF('Feature breakdown'!$B$5:$B$60,A11)) | D11: =IF(A11="","",COUNTIFS('Feature breakdown'!$B$5:$B$60,A11,'Feature breakdown'!$F$5:$F$60,"MVP")) | E11: epic: zpětná vazba
A12: Tržiště a platby | B12: Původní nápad z briefu, tento semestr vědomě nestavíme. | C12: =IF(A12="","",COUNTIF('Feature breakdown'!$B$5:$B$60,A12)) | D12: =IF(A12="","",COUNTIFS('Feature breakdown'!$B$5:$B$60,A12,'Feature breakdown'!$F$5:$F$60,"MVP")) | E12: epic: tržiště
A13: Technický základ | B13: Prostředí, testy, oprávnění, data — klient je nevidí, ale stojí čas. | C13: =IF(A13="","",COUNTIF('Feature breakdown'!$B$5:$B$60,A13)) | D13: =IF(A13="","",COUNTIFS('Feature breakdown'!$B$5:$B$60,A13,'Feature breakdown'!$F$5:$F$60,"MVP")) | E13: epic: technický základ
C14: =IF(A14="","",COUNTIF('Feature breakdown'!$B$5:$B$60,A14)) | D14: =IF(A14="","",COUNTIFS('Feature breakdown'!$B$5:$B$60,A14,'Feature breakdown'!$F$5:$F$60,"MVP"))
C15: =IF(A15="","",COUNTIF('Feature breakdown'!$B$5:$B$60,A15)) | D15: =IF(A15="","",COUNTIFS('Feature breakdown'!$B$5:$B$60,A15,'Feature breakdown'!$F$5:$F$60,"MVP"))
C16: =IF(A16="","",COUNTIF('Feature breakdown'!$B$5:$B$60,A16)) | D16: =IF(A16="","",COUNTIFS('Feature breakdown'!$B$5:$B$60,A16,'Feature breakdown'!$F$5:$F$60,"MVP"))
C17: =IF(A17="","",COUNTIF('Feature breakdown'!$B$5:$B$60,A17)) | D17: =IF(A17="","",COUNTIFS('Feature breakdown'!$B$5:$B$60,A17,'Feature breakdown'!$F$5:$F$60,"MVP"))
C18: =IF(A18="","",COUNTIF('Feature breakdown'!$B$5:$B$60,A18)) | D18: =IF(A18="","",COUNTIFS('Feature breakdown'!$B$5:$B$60,A18,'Feature breakdown'!$F$5:$F$60,"MVP"))
C19: =IF(A19="","",COUNTIF('Feature breakdown'!$B$5:$B$60,A19)) | D19: =IF(A19="","",COUNTIFS('Feature breakdown'!$B$5:$B$60,A19,'Feature breakdown'!$F$5:$F$60,"MVP"))
C20: =IF(A20="","",COUNTIF('Feature breakdown'!$B$5:$B$60,A20)) | D20: =IF(A20="","",COUNTIFS('Feature breakdown'!$B$5:$B$60,A20,'Feature breakdown'!$F$5:$F$60,"MVP"))

Sheet Návod
B1: Jak tabulku vyplnit
A3: 1 | B3: Před schůzkou s klientem vyplňte první verzi sami z briefu a Lean Canvasu. Za klientem nechodíte s prázdnou.
A4: 2 | B4: Na schůzce nejdřív projděte jen epicy (list Epicy): sedí struktura? Nechybí celá oblast?
A5: 3 | B5: Pak epic po epicu: u každé feature zjistěte, kdo ji použije, co tím vyřeší a co se stane potom. Vyplňujte živě.
A6: 4 | B6: Navrhujte, na co klient nemyslí (zrušení, chyby, správa, notifikace, osobní údaje) — „navrhujeme X, protože…“.
A7: 5 | B7: Nezapomeňte na technické features — staging, CI/CD, automatické testy, monitoring, zálohy. Klient je nevidí, ale stojí čas: dejte je do epicu Technický základ.
A8: 6 | B8: Priorita: MVP = bez toho produkt neřeší hlavní problém z Lean Canvasu. Jinak Nice to have, nebo Mimo rozsah.
A9: 7 | B9: Zdroj: Klient / Rozhovor (s uživateli) / Research / Tým (technická nutnost) / Předpoklad týmu. Předpoklady ověřte dřív, než z nich vznikne user story.
A10: 8 | B10: Otevřené otázky zapisujte hned. Na konci schůzky je přečtěte nahlas a domluvte, kdo a kdy je uzavře.
A11: 9 | B11: Stav „Odsouhlaseno“ nastavuje jen klient (PO). Na konci Sprintu 1 musí být odsouhlasený celý breakdown. Z odsouhlasených features pak vytvoříte user stories v GitHubu.
