Workbook

Sheet Unit_Economics
A1: Parametr | B1: Hodnota | C1: Jednotka | D1: Poznámka
A2: Cena_za_aktivniho_klienta | B2: 49 | C2: Kč / měsíc | D2: Trenér platí za každého aktivního klienta nad limit zdarma
A3: Klienti_zdarma | B3: 3 | C3: klienti / trenér | D3: Vyzkoušení bez platby
A4: Strop_na_trenera | B4: 1490 | C4: Kč / měsíc | D4: Psí školy, strop platí od 34 aktivních klientů
A5: Cena_pro_psovoda | B5: 0 | C5: Kč | D5: S trenérem i bez něj, i s více psy
A6: Prumer_klientu_na_trenera | B6: 15 | C6: klienti | D6: Předpoklad pro pilot (respondentka má ~40 klientů)
A7: Prirazka_trenera_klientovi | B7: 100 | C7: Kč / měsíc | D7: Návrh: kolik si trenér řekne klientovi za podporu mezi lekcemi
A9: Aktivních klientů | B9: Poplatek trenéra | C9: Příjem trenéra z přirážky | D9: Trenérovi zbyde
A10: 3 | B10: =MIN($B$4,MAX(0,A10-$B$3)*$B$2) -> 0 | C10: =A10*$B$7 -> 300 | D10: =C10-B10 -> 300
A11: 10 | B11: =MIN($B$4,MAX(0,A11-$B$3)*$B$2) -> 343 | C11: =A11*$B$7 -> 1000 | D11: =C11-B11 -> 657
A12: 15 | B12: =MIN($B$4,MAX(0,A12-$B$3)*$B$2) -> 588 | C12: =A12*$B$7 -> 1500 | D12: =C12-B12 -> 912
A13: 40 | B13: =MIN($B$4,MAX(0,A13-$B$3)*$B$2) -> 1490 | C13: =A13*$B$7 -> 4000 | D13: =C13-B13 -> 2510
A15: ARPU | B15: =MIN(B4,MAX(0,B6-B3)*B2) -> 588 | C15: Kč / měsíc | D15: Průměrný měsíční příjem na platícího trenéra (při B6 klientech)
A17: Aktivní klient = psovod propojený s trenérem, se kterým trenér v měsíci aspoň jednou pracoval v aplikaci (zadání, úprava plánu, záznam nebo zpráva).
A19: Náklady na vývoj a provoz
A20: Sazba_vyvojare | B20: 600 | C20: Kč / h | D20: Junior vývojář na trhu. Sazbu potvrdit s Honzou (FB1).
A21: Clenove_tymu | B21: 4 | C21: lidé | D21: Tým 5
A22: Hodiny_tydne_na_clena | B22: 8 | C22: h / týden | D22: Odhad práce na projektu mimo výuku
A23: Tydny_vyvoje_MVP | B23: 10 | C23: týdny | D23: Sprinty 2–6 po 2 týdnech
A24: Hodiny_vyvoje_MVP | B24: =B21*B22*B23 -> 320 | C24: h | D24: Celkem do spuštění pilotu
A25: Udrzba_hodin_mesicne | B25: 16 | C25: h / měsíc | D25: Opravy chyb, drobné úpravy, podpora trenérů
A26: Akvizice_na_trenera | B26: 1500 | C26: Kč / trenér | D26: Osobní schůzka a onboarding, 3 h × 500 Kč
A27: Odchod_treneru_mesicne | B27: 0.03 | C27: % / měsíc | D27: Podíl platících trenérů, kteří za měsíc odejdou
A28: Poplatek_brany | B28: 0.02 | C28: % z příjmů | D28: Platební brána pro předplatné trenéra
A30: Bod zvratu
A31: Fixní náklady v plném provozu | B31: =1200+500+350+B25*B20 -> 11650 | C31: Kč / měsíc | D31: Infrastruktura od M08 a údržba
A32: Trenérů na měsíční bod zvratu | B32: =ROUNDUP(B31/(B15*(1-B28)),0) -> 21 | C32: platících trenérů | D32: Při průměru B6 aktivních klientů na trenéra, bez nákladů na akvizici
A33: Návratnost akvizice trenéra | B33: =B26/B15 -> 2.5510204 | C33: měsíce | D33: Za kolik měsíců trenér zaplatí náklady na své získání

Sheet CAPEX
A1: Polozka | B1: Poskytovatel | C1: Typ_Platby | D1: Castka_CZK | E1: Poznamka
A2: Apple Developer Program | B2: Apple Inc. | C2: Roční poplatek | D2: 0 | E2: Není potřeba pro responzivní webapp (výhledově pro nativní appku)
A3: Google Play Console | B3: Google LLC | C3: Jednorázový poplatek | D3: 0 | E3: Není potřeba pro responzivní webapp (výhledově pro nativní appku)
A4: Doména a DNS (.cz / .app) | B4: Wedos / Cloudflare | C4: Roční poplatek | D4: 400 | E4: Včetně základního SSL
A5: VOP a GDPR šablony | B5: Open-source / Vzor | C5: Jednorázově | D5: 0 | E5: Studentský pilot
A6: Vývoj MVP | B6: Tým 5 | C6: Jednorázově | D6: =Unit_Economics!B24*Unit_Economics!B20 -> 192000 | E6: Hodiny_vyvoje_MVP × Sazba_vyvojare
A7: CELKEM_CAPEX | B7: Počáteční investice celkem | D7: =SUM(D2:D6) -> 192400

Sheet Cashflow_36M
A1: Mesic | B1: Novi_Treneri | C1: Platici_Treneri | D1: Aktivni_Klienti | E1: Psovodi_Bez_Trenera | F1: Prijmy_Celkem | G1: Server_DB | H1: Frontend_API | I1: Notifikace | J1: Poplatky_Brany | K1: Udrzba_Vyvoj | L1: Akvizice_Treneru | M1: Naklady_Celkem | N1: Mesicni_Zisk | O1: Kumulativni_Cashflow
A2: M01 | B2: 0 | C2: =0*(1-Unit_Economics!$B$27)+B2 -> 0 | D2: =C2*Unit_Economics!$B$6 -> 0 | E2: 10 | F2: =MIN(C2*Unit_Economics!$B$4,MAX(0,D2-C2*Unit_Economics!$B$3)*Unit_Economics!$B$2) -> 0 | G2: 600 | H2: 0 | I2: 0 | J2: =F2*Unit_Economics!$B$28 -> 0 | K2: =Unit_Economics!$B$25*Unit_Economics!$B$20 -> 9600 | L2: =B2*Unit_Economics!$B$26 -> 0 | M2: =SUM(G2:L2) -> 10200 | N2: =F2-M2 -> -10200 | O2: =-CAPEX!$D$7+N2 -> -202600
A3: M02 | B3: 0 | C3: =C2*(1-Unit_Economics!$B$27)+B3 -> 0 | D3: =C3*Unit_Economics!$B$6 -> 0 | E3: 20 | F3: =MIN(C3*Unit_Economics!$B$4,MAX(0,D3-C3*Unit_Economics!$B$3)*Unit_Economics!$B$2) -> 0 | G3: 600 | H3: 0 | I3: 0 | J3: =F3*Unit_Economics!$B$28 -> 0 | K3: =Unit_Economics!$B$25*Unit_Economics!$B$20 -> 9600 | L3: =B3*Unit_Economics!$B$26 -> 0 | M3: =SUM(G3:L3) -> 10200 | N3: =F3-M3 -> -10200 | O3: =O2+N3 -> -212800
A4: M03 | B4: 0 | C4: =C3*(1-Unit_Economics!$B$27)+B4 -> 0 | D4: =C4*Unit_Economics!$B$6 -> 0 | E4: 30 | F4: =MIN(C4*Unit_Economics!$B$4,MAX(0,D4-C4*Unit_Economics!$B$3)*Unit_Economics!$B$2) -> 0 | G4: 600 | H4: 0 | I4: 0 | J4: =F4*Unit_Economics!$B$28 -> 0 | K4: =Unit_Economics!$B$25*Unit_Economics!$B$20 -> 9600 | L4: =B4*Unit_Economics!$B$26 -> 0 | M4: =SUM(G4:L4) -> 10200 | N4: =F4-M4 -> -10200 | O4: =O3+N4 -> -223000
A5: M04 | B5: 3 | C5: =C4*(1-Unit_Economics!$B$27)+B5 -> 3 | D5: =C5*Unit_Economics!$B$6 -> 45 | E5: 40 | F5: =MIN(C5*Unit_Economics!$B$4,MAX(0,D5-C5*Unit_Economics!$B$3)*Unit_Economics!$B$2) -> 1764 | G5: 600 | H5: 0 | I5: 0 | J5: =F5*Unit_Economics!$B$28 -> 35.28 | K5: =Unit_Economics!$B$25*Unit_Economics!$B$20 -> 9600 | L5: =B5*Unit_Economics!$B$26 -> 4500 | M5: =SUM(G5:L5) -> 14735.28 | N5: =F5-M5 -> -12971.28 | O5: =O4+N5 -> -235971.28
A6: M05 | B6: 3 | C6: =C5*(1-Unit_Economics!$B$27)+B6 -> 5.91 | D6: =C6*Unit_Economics!$B$6 -> 88.65 | E6: 50 | F6: =MIN(C6*Unit_Economics!$B$4,MAX(0,D6-C6*Unit_Economics!$B$3)*Unit_Economics!$B$2) -> 3475.08 | G6: 600 | H6: 0 | I6: 0 | J6: =F6*Unit_Economics!$B$28 -> 69.5016 | K6: =Unit_Economics!$B$25*Unit_Economics!$B$20 -> 9600 | L6: =B6*Unit_Economics!$B$26 -> 4500 | M6: =SUM(G6:L6) -> 14769.502 | N6: =F6-M6 -> -11294.422 | O6: =O5+N6 -> -247265.7
A7: M06 | B7: 3 | C7: =C6*(1-Unit_Economics!$B$27)+B7 -> 8.7327 | D7: =C7*Unit_Economics!$B$6 -> 130.9905 | E7: 60 | F7: =MIN(C7*Unit_Economics!$B$4,MAX(0,D7-C7*Unit_Economics!$B$3)*Unit_Economics!$B$2) -> 5134.8276 | G7: 600 | H7: 0 | I7: 0 | J7: =F7*Unit_Economics!$B$28 -> 102.69655 | K7: =Unit_Economics!$B$25*Unit_Economics!$B$20 -> 9600 | L7: =B7*Unit_Economics!$B$26 -> 4500 | M7: =SUM(G7:L7) -> 14802.697 | N7: =F7-M7 -> -9667.869 | O7: =O6+N7 -> -256933.57
A8: M07 | B8: 3 | C8: =C7*(1-Unit_Economics!$B$27)+B8 -> 11.470719 | D8: =C8*Unit_Economics!$B$6 -> 172.06079 | E8: 70 | F8: =MIN(C8*Unit_Economics!$B$4,MAX(0,D8-C8*Unit_Economics!$B$3)*Unit_Economics!$B$2) -> 6744.7828 | G8: 600 | H8: 0 | I8: 0 | J8: =F8*Unit_Economics!$B$28 -> 134.89566 | K8: =Unit_Economics!$B$25*Unit_Economics!$B$20 -> 9600 | L8: =B8*Unit_Economics!$B$26 -> 4500 | M8: =SUM(G8:L8) -> 14834.896 | N8: =F8-M8 -> -8090.1129 | O8: =O7+N8 -> -265023.68
A9: M08 | B9: 3 | C9: =C8*(1-Unit_Economics!$B$27)+B9 -> 14.126597 | D9: =C9*Unit_Economics!$B$6 -> 211.89896 | E9: 80 | F9: =MIN(C9*Unit_Economics!$B$4,MAX(0,D9-C9*Unit_Economics!$B$3)*Unit_Economics!$B$2) -> 8306.4393 | G9: 1200 | H9: 500 | I9: 350 | J9: =F9*Unit_Economics!$B$28 -> 166.12879 | K9: =Unit_Economics!$B$25*Unit_Economics!$B$20 -> 9600 | L9: =B9*Unit_Economics!$B$26 -> 4500 | M9: =SUM(G9:L9) -> 16316.129 | N9: =F9-M9 -> -8009.6895 | O9: =O8+N9 -> -273033.37
A10: M09 | B10: 3 | C10: =C9*(1-Unit_Economics!$B$27)+B10 -> 16.7028 | D10: =C10*Unit_Economics!$B$6 -> 250.54199 | E10: 90 | F10: =MIN(C10*Unit_Economics!$B$4,MAX(0,D10-C10*Unit_Economics!$B$3)*Unit_Economics!$B$2) -> 9821.2461 | G10: 1200 | H10: 500 | I10: 350 | J10: =F10*Unit_Economics!$B$28 -> 196.42492 | K10: =Unit_Economics!$B$25*Unit_Economics!$B$20 -> 9600 | L10: =B10*Unit_Economics!$B$26 -> 4500 | M10: =SUM(G10:L10) -> 16346.425 | N10: =F10-M10 -> -6525.1788 | O10: =O9+N10 -> -279558.55
A11: M10 | B11: 3 | C11: =C10*(1-Unit_Economics!$B$27)+B11 -> 19.201716 | D11: =C11*Unit_Economics!$B$6 -> 288.02573 | E11: 100 | F11: =MIN(C11*Unit_Economics!$B$4,MAX(0,D11-C11*Unit_Economics!$B$3)*Unit_Economics!$B$2) -> 11290.609 | G11: 1200 | H11: 500 | I11: 350 | J11: =F11*Unit_Economics!$B$28 -> 225.81217 | K11: =Unit_Economics!$B$25*Unit_Economics!$B$20 -> 9600 | L11: =B11*Unit_Economics!$B$26 -> 4500 | M11: =SUM(G11:L11) -> 16375.812 | N11: =F11-M11 -> -5085.2034 | O11: =O10+N11 -> -284643.76
A12: M11 | B12: 3 | C12: =C11*(1-Unit_Economics!$B$27)+B12 -> 21.625664 | D12: =C12*Unit_Economics!$B$6 -> 324.38496 | E12: 110 | F12: =MIN(C12*Unit_Economics!$B$4,MAX(0,D12-C12*Unit_Economics!$B$3)*Unit_Economics!$B$2) -> 12715.89 | G12: 1200 | H12: 500 | I12: 350 | J12: =F12*Unit_Economics!$B$28 -> 254.31781 | K12: =Unit_Economics!$B$25*Unit_Economics!$B$20 -> 9600 | L12: =B12*Unit_Economics!$B$26 -> 4500 | M12: =SUM(G12:L12) -> 16404.318 | N12: =F12-M12 -> -3688.4273 | O12: =O11+N12 -> -288332.18
A13: M12 | B13: 3 | C13: =C12*(1-Unit_Economics!$B$27)+B13 -> 23.976894 | D13: =C13*Unit_Economics!$B$6 -> 359.65341 | E13: 120 | F13: =MIN(C13*Unit_Economics!$B$4,MAX(0,D13-C13*Unit_Economics!$B$3)*Unit_Economics!$B$2) -> 14098.414 | G13: 1200 | H13: 500 | I13: 350 | J13: =F13*Unit_Economics!$B$28 -> 281.96828 | K13: =Unit_Economics!$B$25*Unit_Economics!$B$20 -> 9600 | L13: =B13*Unit_Economics!$B$26 -> 4500 | M13: =SUM(G13:L13) -> 16431.968 | N13: =F13-M13 -> -2333.5545 | O13: =O12+N13 -> -290665.74
A14: M13 | B14: 4 | C14: =C13*(1-Unit_Economics!$B$27)+B14 -> 27.257587 | D14: =C14*Unit_Economics!$B$6 -> 408.86381 | E14: 130 | F14: =MIN(C14*Unit_Economics!$B$4,MAX(0,D14-C14*Unit_Economics!$B$3)*Unit_Economics!$B$2) -> 16027.461 | G14: 1200 | H14: 500 | I14: 350 | J14: =F14*Unit_Economics!$B$28 -> 320.54923 | K14: =Unit_Economics!$B$25*Unit_Economics!$B$20 -> 9600 | L14: =B14*Unit_Economics!$B$26 -> 6000 | M14: =SUM(G14:L14) -> 17970.549 | N14: =F14-M14 -> -1943.0879 | O14: =O13+N14 -> -292608.82
... A37: M36 | B37: 5 | C37: =C36*(1-Unit_Economics!$B$27)+B37 -> 90.892515 | D37: =C37*Unit_Economics!$B$6 -> 1363.3877 | E37: 200 | F37: =MIN(C37*Unit_Economics!$B$4,MAX(0,D37-C37*Unit_Economics!$B$3)*Unit_Economics!$B$2) -> 53444.799 | G37: 1200 | H37: 500 | I37: 350 | J37: =F37*Unit_Economics!$B$28 -> 1068.896 | K37: =Unit_Economics!$B$25*Unit_Economics!$B$20 -> 9600 | L37: =B37*Unit_Economics!$B$26 -> 7500 | M37: =SUM(G37:L37) -> 20218.896 | N37: =F37-M37 -> 33225.903 | O37: =O36+N37 -> 95442.478
A39: M01 = spuštění pilotu po dokončení MVP (sprinty 2–6). Vývoj MVP je v CAPEX a na začátku snižuje kumulativní cashflow. M01–M03 je pilot zdarma, od M04 přibývají platící trenéři: 3 měsíčně do M12, 4 do M24, 5 do M36, odchod 3 % měsíčně. Příjmy = (aktivní klienti − 3 zdarma × platící trenéři) × 49 Kč, nejvýš strop 1 490 Kč na trenéra. Psovodi bez trenéra jsou zdarma, sloupec ukazuje zájem, ze kterého přicházejí trenéři. Všechny předpoklady jsou v listu Unit_Economics.
